{
  "version": "v11-no-forecast",
  "features": [
    {
      "name": "stress_score",
      "min_val": 0.0,
      "max_val": 1.0,
      "num_bins": 5
    },
    {
      "name": "cpu_util",
      "min_val": 0.0,
      "max_val": 1.0,
      "num_bins": 2
    }
  ],
  "bins": {
    "stress_score": [
      0.0,
      0.25,
      0.5,
      0.75,
      1.0
    ],
    "cpu_util": [
      0.0,
      1.0
    ]
  },
  "q_table": {
    "1_1": [
      -13.35185551622611,
      -11.900812112348804,
      -12.720162547994633,
      -15.982297133124389
    ],
    "1_2": [
      -17.504950464601766,
      -15.219776738607342,
      -15.834268869747596,
      -16.76861190710695
    ],
    "2_1": [
      -22.3647931602487,
      -19.76946765958366,
      -19.38543754052421,
      -23.443460827525495
    ],
    "2_2": [
      -21.528941512960817,
      -21.30497433370486,
      -19.857758078297167,
      -27.12180051347286
    ],
    "3_1": [
      -34.127375245462915,
      -32.75063821927345,
      -30.875535854867792,
      -70.76336695595091
    ],
    "3_2": [
      -32.48358949222094,
      -31.49094046135496,
      -31.160325453342857,
      -72.36781569916332
    ],
    "4_1": [
      -58.3364989039481,
      -65.2882925579471,
      -62.0434818691863,
      -81.68615007215008
    ],
    "4_2": [
      -47.840618869745526,
      -47.62261790044994,
      -52.31507016142743,
      -84.05979087579087
    ]
  },
  "actions": [
    "delay",
    "pre-scale",
    "canary",
    "rolling"
  ],
  "training_summary": {
    "source_policy": "v10b",
    "derivation": "Forecast-independent policy produced by averaging v10b Q-values across stress_forecast bins. This keeps forecasting optional at inference time.",
    "source_states": 16,
    "unique_states": 8,
    "action_distribution": {
      "delay": 0.125,
      "pre-scale": 0.375,
      "canary": 0.5,
      "rolling": 0.0
    }
  }
}
