{
  "version": "v10b",
  "features": [
    {
      "name": "stress_score",
      "min_val": 0.0,
      "max_val": 1.0,
      "num_bins": 5
    },
    {
      "name": "cpu_util",
      "min_val": 0.0,
      "max_val": 1.0,
      "num_bins": 2
    },
    {
      "name": "stress_forecast",
      "min_val": 0.0,
      "max_val": 0.5,
      "num_bins": 2
    }
  ],
  "bins": {
    "stress_score": [
      0.0,
      0.25,
      0.5,
      0.75,
      1.0
    ],
    "cpu_util": [
      0.0,
      1.0
    ],
    "stress_forecast": [
      0.0,
      0.5
    ]
  },
  "q_table": {
    "1_1_2": [
      -20.329089444885728,
      -16.34021735844795,
      -17.44031825740244,
      -24.103152460773206
    ],
    "1_1_1": [
      -6.374621587566489,
      -7.461406866249657,
      -8.00000683858683,
      -7.861441805475573
    ],
    "2_2_1": [
      -10.703183927542815,
      -10.079189376635988,
      -10.053901286676437,
      -13.003984689665417
    ],
    "2_1_1": [
      -11.089467107980601,
      -10.169290465849587,
      -10.13289277660116,
      -11.726466614188496
    ],
    "3_2_1": [
      -24.836011014683333,
      -23.79545780371278,
      -24.18282651570397,
      -60.7630123507076
    ],
    "2_2_2": [
      -32.354699098378816,
      -32.53075929077373,
      -29.661614869917894,
      -41.2396163372803
    ],
    "3_1_1": [
      -20.838449101538192,
      -19.42728863135627,
      -22.149395696785522,
      -51.62869306386097
    ],
    "1_2_1": [
      -7.687416817349894,
      -8.277687708475028,
      -8.24316601373125,
      -9.78289152338827
    ],
    "2_1_2": [
      -33.640119212516794,
      -29.369644853317734,
      -28.637982304447263,
      -35.160455040862495
    ],
    "4_2_1": [
      -31.95670835532801,
      -39.72457629865816,
      -38.323473656188185,
      -73.52015318015317
    ],
    "3_2_2": [
      -40.13116796975855,
      -39.18642311899714,
      -38.13782439098174,
      -83.97261904761905
    ],
    "4_1_1": [
      -50.71405128205128,
      -49.91777559208467,
      -32.84952784093669,
      -58.50055411255413
    ],
    "1_2_2": [
      -27.32248411185364,
      -22.161865768739656,
      -23.42537172576394,
      -23.754332290825634
    ],
    "3_1_2": [
      -47.41630138938764,
      -46.073987807190626,
      -39.60167601295006,
      -89.89804084804085
    ],
    "4_1_2": [
      -65.95894652584492,
      -80.65880952380954,
      -91.23743589743592,
      -104.87174603174604
    ],
    "4_2_2": [
      -63.72452938416305,
      -55.52065950224172,
      -66.30666666666667,
      -94.59942857142858
    ]
  },
  "actions": [
    "delay",
    "pre-scale",
    "canary",
    "rolling"
  ],
  "training_summary": {
    "total_episodes": 500000,
    "unique_states": 16,
    "mean_cost": 11.782819033090592,
    "final_mean_cost": 12.0610554196466,
    "std_cost": 18.191998180274304,
    "final_epsilon": 0.02,
    "action_distribution": {
      "delay": 0.534662,
      "pre-scale": 0.23343,
      "canary": 0.22627,
      "rolling": 0.005638
    }
  }
}