{
  "version": "v8",
  "features": [
    {
      "name": "stress_score",
      "min_val": 0.0,
      "max_val": 1.0,
      "num_bins": 5
    },
    {
      "name": "cpu_util",
      "min_val": 0.0,
      "max_val": 1.0,
      "num_bins": 2
    }
  ],
  "bins": {
    "stress_score": [
      0.0,
      0.25,
      0.5,
      0.75,
      1.0
    ],
    "cpu_util": [
      0.0,
      1.0
    ]
  },
  "q_table": {
    "4_1": [
      -32.36463347159902,
      -24.894979159775087,
      -26.075853015888132,
      -33.70609800712891
    ],
    "1_1": [
      -5.95720348088214,
      -7.690714661965495,
      -7.443605101989667,
      -6.984200900446035
    ],
    "2_2": [
      -10.931093824273178,
      -10.100177275448294,
      -10.141451008546285,
      -12.952571056399648
    ],
    "2_1": [
      -10.459617241054369,
      -9.71117019864213,
      -10.654969347491212,
      -13.164425478699274
    ],
    "3_2": [
      -25.21786907069029,
      -23.45463433062241,
      -25.27349001293177,
      -54.18524052525089
    ],
    "3_1": [
      -17.807130869568535,
      -17.106248401620594,
      -17.677720781631017,
      -40.37148581759836
    ],
    "4_2": [
      -34.307373773441036,
      -40.64725933899167,
      -36.81747095954638,
      -64.08445863645477
    ],
    "1_2": [
      -7.312090545490527,
      -8.710866051107056,
      -8.635325675819459,
      -9.551377818205616
    ]
  },
  "actions": [
    "delay",
    "pre-scale",
    "canary",
    "rolling"
  ],
  "training_summary": {
    "total_episodes": 500000,
    "unique_states": 8,
    "mean_cost": 11.65821695879458,
    "final_mean_cost": 11.865323205434633,
    "std_cost": 18.27820826415416,
    "final_epsilon": 0.02,
    "action_distribution": {
      "delay": 0.45347,
      "pre-scale": 0.509222,
      "canary": 0.031618,
      "rolling": 0.00569
    }
  }
}