{
  "version": "v8_no_forecast",
  "features": [
    {
      "name": "stress_score",
      "min_val": 0.0,
      "max_val": 1.0,
      "num_bins": 5
    },
    {
      "name": "cpu_util",
      "min_val": 0.0,
      "max_val": 1.0,
      "num_bins": 2
    }
  ],
  "bins": {
    "stress_score": [
      0.0,
      0.25,
      0.5,
      0.75,
      1.0
    ],
    "cpu_util": [
      0.0,
      1.0
    ]
  },
  "q_table": {
    "1_1": [
      -9.051608551895805,
      -8.830197069311955,
      -9.563990154871563,
      -10.575614468599204
    ],
    "2_2": [
      -12.72803824888727,
      -12.44109111248355,
      -12.201217180972712,
      -15.249065519307905
    ],
    "2_1": [
      -13.524840941471565,
      -13.992493535216553,
      -13.064626449969408,
      -14.71703723943877
    ],
    "3_2": [
      -25.977010196661524,
      -24.385016930543255,
      -24.73449439274009,
      -58.54407946668461
    ],
    "3_1": [
      -23.622170529582878,
      -21.353894237718624,
      -22.858776153288524,
      -54.274816731537285
    ],
    "1_2": [
      -10.810101534430665,
      -10.698956342375098,
      -10.47611330882886,
      -12.179719137445817
    ],
    "4_2": [
      -32.57926693810758,
      -40.285867150030164,
      -36.16167257180225,
      -73.72099384825695
    ],
    "4_1": [
      -55.41643894566972,
      -35.57660362356196,
      -38.97667662013748,
      -57.756176046176044
    ]
  },
  "actions": [
    "delay",
    "pre-scale",
    "canary",
    "rolling"
  ],
  "training_summary": {
    "total_episodes": 500000,
    "unique_states": 8,
    "mean_cost": 12.04061167733322,
    "final_mean_cost": 12.279907728489198,
    "std_cost": 18.99907199353203,
    "final_epsilon": 0.02,
    "action_distribution": {
      "delay": 0.04499,
      "pre-scale": 0.570928,
      "canary": 0.378444,
      "rolling": 0.005638
    }
  }
}